Jaylen Hall,147.89285714285708
Lavel Davis,147.89285714285708
Bryce Mitchell,147.89285714285708
D'Wayne Eskridge,147.89285714285708
Quentin Johnston,147.89285714285708
Reggie Roberson Jr.,147.8928571428571
C.J. Johnson,147.89285714285708
Jaylen Waddle,147.89285714285708
Austin Trammell,147.89285714285708
Deonte Simpson,147.89285714285708
Isiah Cox,147.89285714285708
Dallas Dixon,147.89285714285708
Donavon Greene,147.89285714285708
Dyami Brown,147.89285714285708
Isaiah Likely,147.89285714285708
Greg Dulcich,147.89285714285708
Trevor Wilson,147.89285714285708
Jalen Nailor,147.89285714285708
Gunner Romney,147.89285714285708
Jack Sorenson,147.89285714285708
Ryan O'Keefe,147.89285714285708
Ty Fryfogle,147.89285714285708
Chris Autman-Bell,147.89285714285708
Dez Fitzpatrick,147.89285714285708
Kenny Yeboah,147.89285714285708
Mike Woods,147.89285714285708
Devon Williams,147.89285714285708
Jacob Copeland,147.89285714285708
Brycen Tremayne,147.89285714285708
Rachaad White,147.8928571428571
Isaiah McKoy,147.89285714285708
Jacob Harris,147.89285714285708
Kevin Shaa,147.89285714285708
Kyle Pitts,147.89285714285708
Jason Brownlee,147.89285714285708
Jaylon Robinson,147.8928571428571
Bailey Gaither,147.89285714285708
Deuce Vaughn,147.8928571428571
T.J. Simmons,147.89285714285708
CT Thomas,147.89285714285708
Romeo Doubs,147.89285714285708
Sam Pinckney,147.89285714285708
Tahj Washington,147.89285714285708
Jaray Jenkins,147.89285714285708
Isaiah Winstead,147.89285714285708
Javon McKinley,147.89285714285708
Kyle Patterson,147.89285714285708
Dax Milne,147.89285714285708
Jalen Tolbert,147.89285714285708
Jahan Dotson,147.89285714285708
Jacob Cowing,147.89285714285708
Dahu Green,147.89285714285708
Garrett Wilson,147.89285714285708
Brennan Eagles,147.89285714285708
Tory Horton,147.89285714285708
Dimitri Stanley,147.89285714285708
Puka Nacua,147.89285714285708
Calvin Austin III,147.89285714285708
John Metchie,147.89285714285708
James Mitchell,147.89285714285708
Dontario Drummond,147.89285714285708
Cornell Powell,147.89285714285708
Trayvon Rudolph,147.89285714285708
Marvin Mims,147.89285714285708
Calvin Turner,147.8928571428571
Duece Watts,147.89285714285708
Jeshaun Jones,147.89285714285708
Rivaldo Fairweather,147.89285714285708
Devin Carter,147.89285714285708
CJ Lewis,147.89285714285708
Erik Ezukanma,147.89285714285708
Kayshon Boutte,147.89285714285708
Terrell Bynum,147.89285714285708
Seth Williams,147.89285714285708
Austin Stogner,147.89285714285708
Jaelon Darden,147.89285714285708
Treylon Burks,147.89285714285708
J.C. Santana,147.89285714285708
Tim Jones,147.89285714285708
DeVonta Smith,147.8928571428571
Zay Flowers,147.89285714285708
Cornelius Johnson,147.89285714285708
Antonio Nunn,147.89285714285708
Simi Fehoko,147.89285714285708
